#sample number,P,I,overshoot,t5%
0,1.27E+02,6.41E+02,0.00E+00,2.81E-01
1,1.40E+02,6.73E+02,0.00E+00,2.56E-01
2,1.27E+02,6.70E+02,0.00E+00,2.71E-01
3,1.40E+02,6.73E+02,0.00E+00,2.56E-01
4,1.04E+02,7.07E+02,3.04E-02,2.71E-01
5,1.40E+02,6.73E+02,0.00E+00,2.56E-01
6,1.40E+02,6.73E+02,0.00E+00,2.56E-01
7,1.40E+02,6.73E+02,0.00E+00,2.56E-01
8,1.40E+02,6.73E+02,0.00E+00,2.56E-01
9,1.40E+02,6.73E+02,0.00E+00,2.56E-01
10,1.40E+02,6.73E+02,0.00E+00,2.56E-01
11,8.52E+01,6.73E+02,4.87E-02,2.96E-01
12,1.40E+02,6.68E+02,0.00E+00,2.68E-01
13,1.40E+02,7.73E+02,1.68E-02,2.27E-01
14,1.40E+02,6.83E+02,0.00E+00,2.60E-01
15,1.40E+02,6.77E+02,0.00E+00,2.56E-01
16,1.40E+02,7.73E+02,1.70E-02,2.27E-01
17,1.40E+02,6.73E+02,0.00E+00,2.56E-01
18,1.40E+02,6.73E+02,0.00E+00,2.56E-01
19,1.40E+02,6.73E+02,0.00E+00,2.56E-01
20,1.40E+02,6.73E+02,0.00E+00,2.56E-01
21,1.05E+02,6.73E+02,1.39E-02,2.88E-01
22,1.40E+02,7.73E+02,1.68E-02,2.27E-01
23,1.40E+02,6.73E+02,0.00E+00,2.56E-01
24,1.40E+02,6.73E+02,0.00E+00,2.56E-01
25,1.40E+02,6.72E+02,0.00E+00,2.56E-01
26,1.40E+02,8.39E+02,4.28E-02,2.19E-01
27,9.14E+01,6.72E+02,3.61E-02,2.98E-01
28,1.40E+02,6.76E+02,0.00E+00,2.62E-01
29,1.40E+02,6.64E+02,0.00E+00,2.72E-01
30,1.40E+02,6.73E+02,0.00E+00,2.56E-01
31,1.39E+02,7.19E+02,0.00E+00,2.42E-01
32,1.40E+02,8.54E+02,4.84E-02,2.19E-01
33,1.40E+02,6.73E+02,0.00E+00,2.56E-01
34,1.40E+02,6.73E+02,0.00E+00,2.56E-01
35,1.40E+02,7.74E+02,1.74E-02,2.27E-01
36,1.40E+02,7.73E+02,1.68E-02,2.27E-01
37,1.39E+02,6.72E+02,0.00E+00,2.55E-01
38,1.40E+02,7.75E+02,1.79E-02,2.27E-01
39,1.39E+02,7.84E+02,2.21E-02,2.28E-01
40,1.39E+02,7.19E+02,0.00E+00,2.42E-01
41,1.40E+02,7.34E+02,9.28E-04,2.31E-01
42,1.40E+02,7.73E+02,1.76E-02,2.28E-01
43,1.40E+02,7.38E+02,2.88E-03,2.47E-01
44,1.39E+02,6.65E+02,0.00E+00,2.70E-01
45,1.32E+02,7.31E+02,7.38E-03,2.51E-01
46,1.40E+02,8.54E+02,4.84E-02,2.19E-01
47,1.40E+02,7.34E+02,9.28E-04,2.31E-01
48,1.53E+02,7.33E+02,0.00E+00,2.33E-01
49,1.40E+02,7.39E+02,3.84E-03,2.43E-01
50,1.40E+02,8.34E+02,4.09E-02,2.19E-01
51,1.49E+02,7.76E+02,1.18E-02,2.25E-01
52,1.40E+02,8.34E+02,4.09E-02,2.19E-01
53,1.40E+02,7.73E+02,1.68E-02,2.27E-01
54,1.40E+02,7.73E+02,1.68E-02,2.27E-01
55,1.46E+02,7.34E+02,0.00E+00,2.37E-01
56,1.40E+02,6.96E+02,0.00E+00,2.45E-01
57,1.40E+02,8.34E+02,4.09E-02,2.19E-01
58,1.48E+02,7.73E+02,1.11E-02,2.25E-01
59,1.45E+02,7.33E+02,0.00E+00,2.40E-01
60,1.40E+02,8.34E+02,4.09E-02,2.19E-01
61,1.41E+02,8.34E+02,4.00E-02,2.18E-01
62,1.40E+02,7.35E+02,1.49E-03,2.41E-01
63,1.48E+02,7.73E+02,1.11E-02,2.25E-01
64,1.51E+02,7.76E+02,1.06E-02,2.23E-01
65,1.40E+02,7.39E+02,3.24E-03,2.32E-01
66,1.41E+02,8.34E+02,4.04E-02,2.19E-01
67,1.51E+02,7.76E+02,1.01E-02,2.22E-01
68,1.49E+02,7.76E+02,1.22E-02,2.25E-01
69,1.48E+02,8.73E+02,4.89E-02,2.02E-01
70,1.41E+02,7.35E+02,1.08E-03,2.30E-01
71,1.53E+02,8.32E+02,3.01E-02,2.08E-01
72,1.48E+02,8.72E+02,4.86E-02,2.14E-01
73,1.88E+02,8.73E+02,2.92E-02,1.87E-01
74,1.46E+02,7.34E+02,0.00E+00,2.28E-01
75,1.41E+02,8.34E+02,4.04E-02,2.19E-01
76,1.88E+02,8.64E+02,2.67E-02,1.84E-01
77,1.48E+02,8.73E+02,4.89E-02,2.02E-01
78,1.24E+02,7.33E+02,1.57E-02,2.44E-01
79,1.55E+02,7.34E+02,0.00E+00,2.30E-01
80,1.56E+02,7.41E+02,0.00E+00,2.22E-01
81,1.87E+02,8.55E+02,2.39E-02,1.85E-01
82,1.53E+02,7.33E+02,0.00E+00,2.33E-01
83,1.88E+02,8.84E+02,3.29E-02,1.86E-01
84,1.88E+02,8.64E+02,2.67E-02,1.84E-01
85,1.56E+02,7.47E+02,0.00E+00,2.32E-01
86,1.87E+02,8.55E+02,2.39E-02,1.85E-01
87,1.65E+02,8.70E+02,3.65E-02,2.00E-01
88,1.88E+02,8.64E+02,2.68E-02,1.83E-01
89,1.87E+02,8.55E+02,2.39E-02,1.85E-01
90,1.73E+02,8.23E+02,1.73E-02,1.95E-01
91,1.55E+02,8.64E+02,4.06E-02,2.07E-01
92,1.62E+02,8.64E+02,3.63E-02,2.07E-01
93,1.59E+02,7.41E+02,0.00E+00,2.28E-01
94,1.87E+02,8.55E+02,2.39E-02,1.85E-01
95,1.73E+02,8.23E+02,1.73E-02,1.95E-01
96,1.88E+02,8.64E+02,2.67E-02,1.84E-01
97,1.73E+02,7.95E+02,7.71E-03,2.04E-01
98,1.40E+02,7.40E+02,4.48E-03,2.43E-01
99,1.74E+02,8.23E+02,1.71E-02,2.04E-01
100,1.88E+02,8.64E+02,2.69E-02,1.83E-01
101,1.88E+02,8.64E+02,2.68E-02,1.83E-01
102,1.57E+02,7.96E+02,1.47E-02,2.18E-01
103,1.88E+02,9.32E+02,4.73E-02,1.64E-01
104,1.87E+02,8.55E+02,2.39E-02,1.85E-01
105,1.88E+02,8.63E+02,2.64E-02,1.84E-01
106,1.50E+02,8.55E+02,4.07E-02,2.13E-01
107,1.90E+02,9.32E+02,4.66E-02,1.63E-01
108,1.56E+02,8.08E+02,1.92E-02,2.06E-01
109,1.72E+02,7.95E+02,8.38E-03,2.00E-01
110,1.86E+02,8.55E+02,2.40E-02,1.90E-01
111,1.56E+02,8.83E+02,4.66E-02,2.08E-01
112,1.73E+02,8.64E+02,3.10E-02,2.01E-01
113,1.45E+02,7.40E+02,2.54E-04,2.37E-01
114,1.56E+02,7.41E+02,0.00E+00,2.22E-01
115,1.56E+02,8.64E+02,3.95E-02,1.97E-01
116,1.88E+02,8.63E+02,2.64E-02,1.83E-01
117,1.34E+02,6.60E+02,0.00E+00,2.77E-01
118,1.71E+02,7.95E+02,8.24E-03,2.10E-01
119,1.90E+02,9.32E+02,4.66E-02,1.63E-01
120,1.37E+02,8.23E+02,3.98E-02,2.19E-01
121,1.56E+02,7.41E+02,0.00E+00,2.22E-01
122,1.56E+02,7.45E+02,0.00E+00,2.32E-01
123,1.88E+02,8.63E+02,2.65E-02,1.84E-01
124,1.56E+02,7.68E+02,4.63E-03,2.19E-01
125,1.88E+02,9.32E+02,4.74E-02,1.80E-01
126,1.87E+02,8.55E+02,2.39E-02,1.90E-01
127,1.90E+02,8.65E+02,2.67E-02,1.83E-01
128,1.90E+02,9.32E+02,4.66E-02,1.63E-01
129,1.72E+02,7.95E+02,8.38E-03,2.00E-01
130,1.87E+02,8.54E+02,2.37E-02,1.90E-01
131,1.90E+02,9.32E+02,4.68E-02,1.63E-01
132,1.13E+02,7.59E+02,4.05E-02,2.42E-01
133,1.72E+02,7.95E+02,8.38E-03,2.00E-01
134,1.56E+02,7.41E+02,0.00E+00,2.22E-01
135,1.90E+02,9.32E+02,4.66E-02,1.63E-01
136,1.56E+02,7.41E+02,0.00E+00,2.22E-01
137,1.56E+02,7.45E+02,0.00E+00,2.32E-01
138,1.90E+02,9.32E+02,4.67E-02,1.63E-01
139,1.58E+02,8.00E+02,1.57E-02,2.18E-01
140,1.57E+02,7.95E+02,1.45E-02,2.19E-01
141,1.41E+02,8.54E+02,4.80E-02,2.19E-01
142,1.90E+02,9.35E+02,4.77E-02,1.63E-01
143,1.90E+02,9.32E+02,4.66E-02,1.63E-01
144,1.56E+02,7.68E+02,4.63E-03,2.19E-01
145,1.73E+02,8.24E+02,1.76E-02,1.96E-01
146,1.56E+02,7.65E+02,3.22E-03,2.20E-01
147,1.90E+02,8.65E+02,2.67E-02,1.83E-01
148,1.56E+02,7.68E+02,4.63E-03,2.19E-01
149,1.56E+02,7.41E+02,0.00E+00,2.22E-01
150,1.73E+02,8.24E+02,1.78E-02,2.04E-01
151,1.56E+02,7.39E+02,0.00E+00,2.35E-01
152,1.88E+02,8.64E+02,2.66E-02,1.90E-01
153,1.55E+02,7.41E+02,0.00E+00,2.28E-01
154,1.89E+02,9.38E+02,4.88E-02,1.63E-01
155,1.90E+02,9.32E+02,4.66E-02,1.63E-01
156,1.20E+02,7.47E+02,2.70E-02,2.50E-01
157,1.90E+02,9.32E+02,4.66E-02,1.63E-01
158,1.90E+02,9.03E+02,3.82E-02,1.85E-01
159,1.73E+02,8.23E+02,1.73E-02,1.95E-01
160,1.90E+02,8.79E+02,3.10E-02,1.83E-01
161,1.50E+02,7.95E+02,1.87E-02,2.24E-01
162,1.90E+02,8.65E+02,2.67E-02,1.83E-01
163,1.81E+02,8.65E+02,2.89E-02,1.91E-01
164,1.81E+02,9.06E+02,4.20E-02,1.89E-01
165,1.90E+02,9.32E+02,4.66E-02,1.63E-01
166,1.44E+02,7.41E+02,1.60E-03,2.32E-01
167,1.90E+02,8.65E+02,2.67E-02,1.83E-01
168,1.40E+02,7.96E+02,2.64E-02,2.27E-01
169,1.88E+02,8.53E+02,2.35E-02,1.83E-01
170,1.55E+02,7.22E+02,0.00E+00,2.29E-01
171,1.71E+02,7.98E+02,9.45E-03,2.08E-01
172,1.57E+02,7.97E+02,1.49E-02,2.18E-01
173,1.48E+02,7.66E+02,8.30E-03,2.26E-01
174,1.58E+02,7.93E+02,1.32E-02,2.18E-01
175,1.90E+02,8.65E+02,2.67E-02,1.83E-01
176,1.90E+02,8.65E+02,2.67E-02,1.83E-01
177,1.49E+02,7.93E+02,1.83E-02,2.25E-01
178,1.90E+02,8.65E+02,2.67E-02,1.83E-01
179,1.73E+02,8.23E+02,1.73E-02,1.95E-01
180,1.56E+02,8.26E+02,2.58E-02,2.08E-01
181,1.90E+02,9.32E+02,4.66E-02,1.63E-01
182,1.72E+02,7.95E+02,8.38E-03,2.00E-01
183,1.90E+02,9.32E+02,4.66E-02,1.63E-01
184,1.54E+02,7.41E+02,0.00E+00,2.31E-01
185,1.82E+02,9.32E+02,4.97E-02,1.90E-01
186,1.90E+02,8.65E+02,2.67E-02,1.83E-01
187,1.90E+02,9.32E+02,4.66E-02,1.63E-01
188,1.72E+02,8.53E+02,2.81E-02,1.96E-01
189,1.89E+02,9.33E+02,4.76E-02,1.63E-01
190,1.58E+02,7.37E+02,0.00E+00,2.33E-01
191,1.56E+02,7.68E+02,4.63E-03,2.19E-01
192,1.90E+02,9.32E+02,4.66E-02,1.63E-01
193,1.90E+02,9.32E+02,4.66E-02,1.63E-01
194,1.72E+02,7.95E+02,8.35E-03,2.08E-01
195,1.90E+02,9.32E+02,4.67E-02,1.62E-01
196,1.55E+02,7.40E+02,0.00E+00,2.32E-01
197,1.72E+02,8.53E+02,2.80E-02,1.99E-01
198,2.03E+02,9.31E+02,4.40E-02,1.73E-01
199,1.56E+02,8.72E+02,4.27E-02,2.02E-01
200,1.72E+02,8.12E+02,1.39E-02,1.96E-01
201,1.88E+02,8.53E+02,2.35E-02,1.83E-01
202,1.56E+02,7.41E+02,0.00E+00,2.22E-01
203,1.90E+02,8.65E+02,2.67E-02,1.83E-01
204,1.90E+02,9.32E+02,4.67E-02,1.62E-01
205,1.69E+02,8.23E+02,1.88E-02,2.10E-01
206,1.90E+02,8.76E+02,3.00E-02,1.83E-01
207,1.56E+02,7.41E+02,0.00E+00,2.22E-01
208,1.60E+02,7.96E+02,1.31E-02,2.16E-01
209,1.82E+02,8.53E+02,2.49E-02,1.90E-01
210,2.03E+02,9.31E+02,4.40E-02,1.73E-01
211,1.55E+02,8.40E+02,3.19E-02,2.07E-01
212,1.56E+02,7.41E+02,0.00E+00,2.22E-01
213,1.90E+02,9.17E+02,4.21E-02,1.85E-01
214,1.90E+02,9.32E+02,4.67E-02,1.62E-01
215,1.56E+02,8.84E+02,4.65E-02,2.01E-01
216,2.03E+02,9.31E+02,4.40E-02,1.73E-01
217,1.56E+02,7.95E+02,1.43E-02,2.21E-01
218,1.56E+02,7.41E+02,0.00E+00,2.22E-01
219,1.90E+02,9.32E+02,4.67E-02,1.62E-01
220,1.90E+02,9.32E+02,4.67E-02,1.62E-01
221,1.57E+02,7.66E+02,3.80E-03,2.28E-01
222,1.90E+02,9.20E+02,4.32E-02,1.78E-01
223,1.72E+02,8.08E+02,1.26E-02,2.08E-01
224,1.09E+02,7.27E+02,3.27E-02,2.65E-01
225,1.90E+02,8.76E+02,3.00E-02,1.83E-01
226,1.90E+02,9.32E+02,4.67E-02,1.62E-01
227,1.56E+02,7.61E+02,1.93E-03,2.20E-01
228,1.74E+02,7.82E+02,3.29E-03,2.06E-01
229,1.56E+02,8.12E+02,2.13E-02,2.20E-01
230,1.23E+02,7.22E+02,1.18E-02,2.49E-01
231,1.90E+02,9.32E+02,4.67E-02,1.62E-01
232,1.73E+02,8.23E+02,1.71E-02,2.05E-01
233,1.56E+02,7.61E+02,2.15E-03,2.28E-01
234,1.88E+02,8.53E+02,2.35E-02,1.84E-01
235,1.90E+02,9.20E+02,4.32E-02,1.78E-01
236,1.73E+02,9.20E+02,4.99E-02,1.88E-01
237,1.73E+02,9.06E+02,4.48E-02,1.86E-01
238,1.90E+02,9.32E+02,4.67E-02,1.62E-01
239,1.90E+02,9.32E+02,4.67E-02,1.62E-01
240,1.90E+02,8.77E+02,3.04E-02,1.83E-01
241,1.90E+02,9.30E+02,4.68E-02,1.81E-01
242,1.56E+02,8.44E+02,3.25E-02,2.10E-01
243,1.90E+02,9.32E+02,4.67E-02,1.62E-01
244,1.89E+02,9.21E+02,4.40E-02,1.79E-01
245,1.25E+02,6.62E+02,0.00E+00,2.73E-01
246,1.26E+02,7.86E+02,3.61E-02,2.42E-01
247,1.56E+02,7.39E+02,0.00E+00,2.35E-01
248,1.90E+02,9.34E+02,4.72E-02,1.62E-01
249,1.90E+02,9.32E+02,4.67E-02,1.62E-01
250,1.56E+02,7.41E+02,0.00E+00,2.22E-01
251,1.56E+02,7.61E+02,1.93E-03,2.20E-01
252,1.90E+02,9.20E+02,4.32E-02,1.78E-01
253,1.90E+02,8.76E+02,3.00E-02,1.83E-01
254,1.90E+02,9.20E+02,4.32E-02,1.78E-01
255,1.73E+02,9.20E+02,4.95E-02,1.88E-01
256,1.88E+02,8.99E+02,3.75E-02,1.87E-01
257,1.11E+02,7.41E+02,3.53E-02,2.61E-01
258,1.74E+02,7.82E+02,3.28E-03,2.06E-01
259,1.88E+02,9.36E+02,4.89E-02,1.84E-01
260,1.55E+02,7.19E+02,0.00E+00,2.35E-01
261,1.73E+02,8.23E+02,1.72E-02,2.05E-01
262,1.69E+02,8.65E+02,3.34E-02,1.98E-01
263,1.88E+02,8.53E+02,2.32E-02,1.83E-01
264,1.90E+02,9.33E+02,4.69E-02,1.62E-01
265,1.73E+02,8.20E+02,1.64E-02,2.03E-01
266,1.88E+02,9.38E+02,4.93E-02,1.64E-01
267,1.74E+02,9.01E+02,4.31E-02,1.96E-01
268,1.90E+02,9.36E+02,4.77E-02,1.62E-01
269,1.72E+02,8.23E+02,1.77E-02,2.08E-01
270,1.90E+02,9.32E+02,4.66E-02,1.62E-01
271,1.73E+02,8.23E+02,1.73E-02,1.95E-01
272,1.74E+02,9.20E+02,4.93E-02,1.91E-01
273,1.90E+02,9.20E+02,4.32E-02,1.78E-01
274,1.74E+02,7.85E+02,4.29E-03,2.06E-01
275,1.99E+02,9.29E+02,4.41E-02,1.75E-01
276,1.90E+02,9.20E+02,4.32E-02,1.78E-01
277,1.56E+02,7.41E+02,0.00E+00,2.22E-01
278,1.30E+02,7.41E+02,1.30E-02,2.38E-01
279,1.56E+02,7.38E+02,0.00E+00,2.34E-01
280,1.74E+02,7.90E+02,5.77E-03,2.06E-01
281,1.64E+02,8.20E+02,2.01E-02,2.14E-01
282,1.73E+02,8.53E+02,2.75E-02,1.95E-01
283,1.90E+02,8.76E+02,3.00E-02,1.83E-01
284,1.73E+02,8.20E+02,1.64E-02,2.03E-01
285,1.51E+02,8.24E+02,2.91E-02,2.10E-01
286,1.57E+02,7.20E+02,0.00E+00,2.27E-01
287,1.66E+02,8.21E+02,1.96E-02,2.02E-01
288,1.57E+02,7.74E+02,6.64E-03,2.18E-01
289,1.90E+02,9.20E+02,4.32E-02,1.78E-01
290,1.56E+02,7.41E+02,0.00E+00,2.22E-01
291,1.56E+02,7.42E+02,0.00E+00,2.22E-01
292,1.74E+02,8.51E+02,2.64E-02,2.01E-01
293,1.88E+02,9.20E+02,4.38E-02,1.87E-01
294,1.91E+02,9.36E+02,4.78E-02,1.62E-01
295,1.74E+02,7.92E+02,6.53E-03,2.07E-01
296,1.74E+02,8.19E+02,1.57E-02,2.03E-01
297,1.65E+02,7.81E+02,5.66E-03,2.12E-01
298,1.74E+02,8.22E+02,1.67E-02,2.03E-01
299,1.56E+02,7.41E+02,0.00E+00,2.22E-01
300,1.56E+02,7.47E+02,0.00E+00,2.27E-01
301,1.12E+02,7.49E+02,3.83E-02,2.60E-01
302,1.74E+02,7.82E+02,3.32E-03,2.10E-01
303,1.25E+02,7.41E+02,1.80E-02,2.53E-01
304,1.91E+02,9.39E+02,4.83E-02,1.62E-01
305,1.73E+02,8.24E+02,1.77E-02,2.04E-01
306,1.91E+02,9.20E+02,4.30E-02,1.78E-01
307,1.90E+02,8.76E+02,3.00E-02,1.83E-01
308,1.89E+02,8.92E+02,3.53E-02,1.86E-01
309,1.03E+02,6.60E+02,1.03E-02,2.91E-01
310,1.56E+02,7.43E+02,0.00E+00,2.31E-01
311,1.74E+02,7.82E+02,3.28E-03,2.06E-01
312,1.56E+02,7.41E+02,0.00E+00,2.22E-01
313,1.73E+02,8.23E+02,1.73E-02,1.95E-01
314,1.94E+02,8.99E+02,3.62E-02,1.85E-01
315,1.66E+02,8.19E+02,1.87E-02,2.12E-01
316,1.74E+02,8.76E+02,3.46E-02,1.95E-01
317,1.82E+02,8.53E+02,2.46E-02,1.90E-01
318,2.04E+02,9.39E+02,4.58E-02,1.77E-01
319,1.88E+02,8.90E+02,3.46E-02,1.86E-01
320,1.90E+02,8.74E+02,2.96E-02,1.83E-01
321,1.74E+02,8.19E+02,1.56E-02,2.03E-01
322,1.56E+02,7.82E+02,9.71E-03,2.20E-01
323,1.37E+02,7.41E+02,6.89E-03,2.46E-01
324,1.74E+02,8.19E+02,1.57E-02,2.03E-01
325,1.89E+02,8.54E+02,2.37E-02,1.83E-01
326,1.56E+02,7.50E+02,0.00E+00,2.32E-01
327,1.56E+02,7.41E+02,0.00E+00,2.22E-01
328,1.56E+02,7.41E+02,0.00E+00,2.22E-01
329,1.74E+02,8.18E+02,1.54E-02,2.03E-01
330,1.63E+02,7.41E+02,0.00E+00,2.29E-01
331,1.19E+02,7.84E+02,4.34E-02,2.34E-01
332,1.56E+02,7.41E+02,0.00E+00,2.22E-01
333,1.91E+02,9.39E+02,4.83E-02,1.62E-01
334,1.55E+02,7.41E+02,0.00E+00,2.30E-01
335,1.27E+02,7.59E+02,2.33E-02,2.41E-01
336,1.59E+02,7.43E+02,0.00E+00,2.28E-01
337,1.74E+02,7.82E+02,3.28E-03,2.06E-01
338,1.74E+02,8.20E+02,1.62E-02,2.03E-01
339,2.00E+02,9.18E+02,4.07E-02,1.74E-01
340,1.33E+02,7.82E+02,2.73E-02,2.35E-01
341,1.90E+02,8.65E+02,2.69E-02,1.82E-01
342,1.74E+02,7.82E+02,3.21E-03,2.06E-01
343,1.90E+02,8.68E+02,2.76E-02,1.79E-01
344,1.91E+02,9.36E+02,4.76E-02,1.78E-01
345,1.56E+02,7.41E+02,0.00E+00,2.22E-01
346,1.97E+02,9.39E+02,4.75E-02,1.78E-01
347,1.91E+02,9.39E+02,4.83E-02,1.62E-01
348,1.56E+02,8.34E+02,2.90E-02,2.06E-01
349,1.57E+02,7.41E+02,0.00E+00,2.22E-01
350,2.00E+02,9.15E+02,3.98E-02,1.74E-01
351,1.72E+02,7.85E+02,4.63E-03,2.08E-01
352,1.88E+02,8.53E+02,2.32E-02,1.83E-01
353,1.57E+02,7.41E+02,0.00E+00,2.22E-01
354,1.73E+02,8.23E+02,1.73E-02,1.95E-01
355,1.91E+02,9.39E+02,4.83E-02,1.62E-01
356,1.90E+02,8.68E+02,2.76E-02,1.79E-01
357,1.91E+02,9.39E+02,4.83E-02,1.62E-01
358,1.90E+02,8.68E+02,2.76E-02,1.79E-01
359,1.52E+02,8.68E+02,4.44E-02,2.13E-01
360,1.88E+02,8.53E+02,2.34E-02,1.83E-01
361,1.74E+02,8.18E+02,1.54E-02,2.03E-01
362,1.74E+02,8.18E+02,1.54E-02,2.03E-01
363,1.74E+02,8.18E+02,1.54E-02,2.03E-01
364,1.91E+02,9.39E+02,4.83E-02,1.62E-01
365,1.91E+02,9.39E+02,4.83E-02,1.62E-01
366,1.91E+02,9.39E+02,4.83E-02,1.62E-01
367,1.91E+02,9.39E+02,4.83E-02,1.62E-01
368,1.57E+02,7.38E+02,0.00E+00,2.28E-01
369,1.88E+02,9.39E+02,4.97E-02,1.84E-01
370,1.57E+02,7.41E+02,0.00E+00,2.22E-01
371,1.57E+02,8.16E+02,2.22E-02,2.07E-01
372,1.57E+02,7.41E+02,0.00E+00,2.22E-01
373,1.90E+02,9.39E+02,4.86E-02,1.63E-01
374,2.00E+02,9.22E+02,4.20E-02,1.74E-01
375,1.57E+02,7.34E+02,0.00E+00,2.35E-01
376,1.57E+02,7.41E+02,0.00E+00,2.22E-01
377,1.88E+02,9.38E+02,4.93E-02,1.64E-01
378,1.57E+02,7.41E+02,0.00E+00,2.22E-01
379,1.03E+02,7.25E+02,4.09E-02,2.57E-01
380,1.93E+02,9.39E+02,4.82E-02,1.83E-01
381,1.66E+02,8.74E+02,3.78E-02,2.01E-01
382,1.87E+02,9.39E+02,5.00E-02,1.84E-01
383,1.91E+02,9.39E+02,4.83E-02,1.62E-01
384,1.90E+02,8.94E+02,3.53E-02,1.78E-01
385,1.57E+02,7.41E+02,0.00E+00,2.28E-01
386,1.91E+02,9.17E+02,4.21E-02,1.84E-01
387,1.57E+02,8.18E+02,2.27E-02,2.05E-01
388,1.74E+02,9.19E+02,4.88E-02,1.88E-01
389,1.87E+02,8.74E+02,2.99E-02,1.86E-01
390,1.38E+02,7.89E+02,2.56E-02,2.30E-01
391,1.74E+02,7.82E+02,3.34E-03,2.06E-01
392,1.57E+02,7.41E+02,0.00E+00,2.22E-01
393,1.90E+02,9.38E+02,4.89E-02,1.78E-01
394,1.92E+02,8.95E+02,3.56E-02,1.81E-01
395,1.55E+02,7.40E+02,0.00E+00,2.31E-01
396,1.91E+02,9.39E+02,4.83E-02,1.62E-01
397,1.74E+02,7.82E+02,3.21E-03,2.06E-01
398,1.74E+02,7.82E+02,3.21E-03,2.06E-01
399,1.31E+02,7.41E+02,1.20E-02,2.52E-01
400,1.28E+02,7.95E+02,3.74E-02,2.40E-01
401,1.77E+02,8.18E+02,1.44E-02,2.01E-01
402,1.57E+02,7.41E+02,0.00E+00,2.25E-01
403,1.56E+02,7.82E+02,9.94E-03,2.19E-01
404,1.57E+02,7.39E+02,0.00E+00,2.28E-01
405,1.87E+02,8.67E+02,2.79E-02,1.84E-01
406,1.90E+02,8.74E+02,2.94E-02,1.82E-01
407,1.87E+02,8.50E+02,2.26E-02,1.88E-01
408,2.00E+02,9.16E+02,4.01E-02,1.74E-01
409,1.90E+02,8.96E+02,3.62E-02,1.85E-01
410,1.77E+02,8.18E+02,1.44E-02,2.01E-01
411,1.57E+02,7.82E+02,9.54E-03,2.18E-01
412,1.56E+02,7.41E+02,0.00E+00,2.28E-01
413,1.91E+02,9.39E+02,4.83E-02,1.62E-01
414,2.00E+02,9.16E+02,4.01E-02,1.74E-01
415,1.74E+02,8.24E+02,1.75E-02,2.03E-01
416,1.57E+02,7.41E+02,0.00E+00,2.22E-01
417,1.57E+02,7.41E+02,0.00E+00,2.22E-01
418,1.57E+02,7.41E+02,0.00E+00,2.22E-01
419,1.57E+02,7.41E+02,0.00E+00,2.22E-01
420,1.25E+02,7.02E+02,2.00E-03,2.59E-01
421,1.57E+02,7.41E+02,0.00E+00,2.27E-01
422,1.57E+02,7.41E+02,0.00E+00,2.22E-01
423,1.57E+02,7.80E+02,8.53E-03,2.19E-01
424,1.73E+02,8.10E+02,1.27E-02,2.03E-01
425,1.87E+02,8.54E+02,2.41E-02,1.88E-01
426,1.90E+02,9.39E+02,4.88E-02,1.63E-01
427,1.57E+02,7.41E+02,0.00E+00,2.22E-01
428,1.89E+02,9.16E+02,4.21E-02,1.87E-01
429,1.73E+02,8.68E+02,3.25E-02,1.95E-01
430,1.91E+02,9.16E+02,4.19E-02,1.83E-01
431,1.35E+02,7.41E+02,8.55E-03,2.47E-01
432,1.52E+02,7.82E+02,1.25E-02,2.22E-01
433,1.87E+02,8.50E+02,2.26E-02,1.88E-01
434,1.63E+02,7.82E+02,6.72E-03,2.13E-01
435,1.73E+02,8.50E+02,2.63E-02,2.04E-01
436,1.73E+02,8.10E+02,1.26E-02,2.02E-01
437,1.74E+02,8.15E+02,1.43E-02,2.02E-01
438,1.91E+02,9.36E+02,4.76E-02,1.62E-01
439,1.56E+02,7.55E+02,0.00E+00,2.31E-01
440,1.91E+02,9.36E+02,4.76E-02,1.62E-01
441,1.44E+02,7.41E+02,1.60E-03,2.32E-01
442,1.57E+02,7.41E+02,0.00E+00,2.26E-01
443,1.74E+02,8.08E+02,1.19E-02,2.03E-01
444,1.74E+02,7.86E+02,4.33E-03,2.06E-01
445,1.41E+02,7.41E+02,3.58E-03,2.31E-01
446,1.60E+02,7.69E+02,3.22E-03,2.18E-01
447,1.92E+02,9.35E+02,4.74E-02,1.85E-01
448,1.74E+02,7.86E+02,4.33E-03,2.06E-01
449,2.03E+02,9.43E+02,4.77E-02,1.73E-01
450,1.73E+02,8.23E+02,1.73E-02,1.95E-01
451,1.66E+02,8.23E+02,2.01E-02,1.99E-01
452,1.86E+02,8.50E+02,2.25E-02,1.96E-01
453,1.87E+02,8.54E+02,2.39E-02,1.88E-01
454,1.74E+02,7.90E+02,5.77E-03,2.11E-01
455,1.74E+02,7.85E+02,4.10E-03,2.06E-01
456,1.90E+02,8.69E+02,2.77E-02,1.90E-01
457,1.90E+02,9.35E+02,4.79E-02,1.78E-01
458,1.74E+02,8.68E+02,3.21E-02,1.97E-01
459,1.55E+02,8.25E+02,2.67E-02,2.11E-01
460,1.45E+02,8.68E+02,4.98E-02,2.16E-01
461,1.24E+02,7.41E+02,1.91E-02,2.44E-01
462,1.92E+02,8.92E+02,3.45E-02,1.83E-01
463,1.74E+02,7.89E+02,5.65E-03,2.01E-01
464,1.04E+02,7.41E+02,4.71E-02,2.56E-01
465,1.91E+02,9.36E+02,4.76E-02,1.62E-01
466,1.57E+02,7.41E+02,0.00E+00,2.22E-01
467,1.91E+02,9.36E+02,4.76E-02,1.62E-01
468,1.49E+02,8.67E+02,4.64E-02,2.13E-01
469,1.91E+02,9.36E+02,4.76E-02,1.62E-01
470,1.92E+02,9.36E+02,4.76E-02,1.84E-01
471,1.62E+02,7.41E+02,0.00E+00,2.28E-01
472,2.00E+02,9.16E+02,4.01E-02,1.74E-01
473,1.90E+02,8.68E+02,2.76E-02,1.79E-01
474,1.57E+02,7.17E+02,0.00E+00,2.38E-01
475,1.74E+02,7.89E+02,5.65E-03,2.01E-01
476,1.74E+02,7.89E+02,5.65E-03,2.01E-01
477,1.91E+02,8.83E+02,3.18E-02,1.83E-01
478,1.92E+02,8.94E+02,3.49E-02,1.76E-01
479,1.46E+02,8.00E+02,2.31E-02,2.27E-01
480,1.91E+02,9.40E+02,4.90E-02,1.78E-01
481,2.00E+02,9.36E+02,4.60E-02,1.74E-01
482,1.90E+02,8.68E+02,2.78E-02,1.83E-01
483,1.70E+02,8.27E+02,1.99E-02,2.05E-01
484,1.57E+02,7.41E+02,0.00E+00,2.22E-01
485,2.00E+02,9.26E+02,4.32E-02,1.74E-01
486,1.91E+02,9.36E+02,4.76E-02,1.62E-01
487,1.57E+02,7.41E+02,0.00E+00,2.22E-01
488,1.73E+02,8.23E+02,1.73E-02,1.95E-01
489,1.57E+02,7.41E+02,0.00E+00,2.22E-01
490,1.90E+02,8.68E+02,2.76E-02,1.79E-01
491,1.57E+02,7.41E+02,0.00E+00,2.22E-01
492,1.57E+02,8.74E+02,4.31E-02,2.01E-01
493,1.57E+02,7.41E+02,0.00E+00,2.22E-01
494,2.00E+02,9.16E+02,4.01E-02,1.74E-01
495,1.86E+02,8.50E+02,2.26E-02,1.96E-01
496,1.09E+02,7.41E+02,3.87E-02,2.65E-01
497,1.57E+02,8.47E+02,3.36E-02,2.06E-01
498,1.60E+02,7.83E+02,8.61E-03,2.16E-01
499,1.26E+02,6.54E+02,0.00E+00,2.87E-01
500,1.74E+02,8.24E+02,1.74E-02,2.03E-01
501,1.73E+02,8.23E+02,1.73E-02,2.04E-01
502,1.57E+02,8.23E+02,2.47E-02,2.05E-01
503,1.57E+02,7.41E+02,0.00E+00,2.22E-01
504,1.57E+02,7.41E+02,0.00E+00,2.22E-01
505,1.91E+02,9.36E+02,4.76E-02,1.62E-01
506,1.91E+02,9.14E+02,4.14E-02,1.83E-01
507,1.57E+02,7.31E+02,0.00E+00,2.33E-01
508,1.82E+02,8.23E+02,1.48E-02,1.96E-01
509,2.01E+02,9.36E+02,4.55E-02,1.58E-01
510,1.87E+02,9.37E+02,4.95E-02,1.86E-01
511,1.57E+02,7.41E+02,0.00E+00,2.22E-01
512,1.92E+02,8.68E+02,2.75E-02,1.80E-01
513,1.47E+02,7.41E+02,0.00E+00,2.37E-01
514,1.87E+02,8.50E+02,2.28E-02,1.86E-01
515,2.01E+02,9.36E+02,4.55E-02,1.58E-01
516,2.00E+02,9.36E+02,4.58E-02,1.59E-01
517,1.52E+02,8.32E+02,3.10E-02,2.16E-01
518,1.61E+02,7.41E+02,0.00E+00,2.16E-01
519,1.86E+02,9.36E+02,4.96E-02,1.86E-01
520,1.57E+02,7.42E+02,0.00E+00,2.22E-01
521,2.01E+02,9.34E+02,4.49E-02,1.58E-01
522,1.87E+02,9.21E+02,4.45E-02,1.81E-01
523,1.37E+02,7.37E+02,4.52E-03,2.35E-01
524,1.08E+02,7.41E+02,4.00E-02,2.67E-01
525,1.69E+02,7.82E+02,4.63E-03,2.09E-01
526,1.74E+02,8.31E+02,1.96E-02,2.04E-01
527,1.90E+02,8.68E+02,2.76E-02,1.79E-01
528,1.65E+02,7.82E+02,6.13E-03,2.12E-01
529,1.61E+02,7.41E+02,0.00E+00,2.16E-01
530,1.61E+02,8.74E+02,4.05E-02,2.04E-01
531,1.86E+02,8.50E+02,2.25E-02,1.96E-01
532,1.82E+02,8.23E+02,1.47E-02,1.96E-01
533,2.01E+02,9.34E+02,4.49E-02,1.58E-01
534,1.49E+02,7.41E+02,4.12E-09,2.34E-01
535,1.74E+02,7.90E+02,5.98E-03,2.06E-01
536,1.61E+02,8.49E+02,3.16E-02,2.03E-01
537,2.01E+02,9.34E+02,4.49E-02,1.58E-01
538,1.33E+02,7.54E+02,1.60E-02,2.35E-01
539,2.00E+02,9.36E+02,4.61E-02,1.74E-01
540,1.38E+02,7.45E+02,7.57E-03,2.43E-01
541,2.01E+02,9.34E+02,4.49E-02,1.58E-01
542,2.01E+02,9.34E+02,4.49E-02,1.58E-01
543,2.01E+02,9.34E+02,4.50E-02,1.58E-01
544,2.00E+02,9.16E+02,4.01E-02,1.74E-01
545,1.60E+02,8.50E+02,3.24E-02,2.04E-01
546,1.35E+02,8.39E+02,4.79E-02,2.24E-01
547,1.83E+02,9.17E+02,4.43E-02,1.82E-01
548,2.01E+02,9.34E+02,4.49E-02,1.58E-01
549,1.61E+02,7.41E+02,0.00E+00,2.16E-01
550,1.99E+02,9.11E+02,3.90E-02,1.83E-01
551,2.01E+02,9.34E+02,4.49E-02,1.58E-01
552,1.61E+02,7.41E+02,0.00E+00,2.16E-01
553,1.66E+02,7.73E+02,2.67E-03,2.11E-01
554,1.86E+02,9.14E+02,4.25E-02,1.89E-01
555,2.01E+02,9.34E+02,4.49E-02,1.58E-01
556,1.20E+02,6.85E+02,0.00E+00,2.65E-01
557,1.92E+02,8.77E+02,3.00E-02,1.80E-01
558,1.58E+02,8.50E+02,3.37E-02,2.05E-01
559,1.74E+02,9.00E+02,4.29E-02,1.96E-01
560,1.65E+02,7.73E+02,2.39E-03,2.13E-01
561,1.61E+02,7.41E+02,0.00E+00,2.31E-01
562,1.82E+02,8.23E+02,1.47E-02,1.96E-01
563,1.60E+02,7.89E+02,1.05E-02,2.18E-01
564,1.89E+02,8.77E+02,3.02E-02,1.90E-01
565,1.63E+02,8.94E+02,4.61E-02,1.92E-01
566,1.86E+02,8.50E+02,2.26E-02,1.88E-01
567,1.57E+02,8.50E+02,3.41E-02,2.06E-01
568,1.63E+02,7.41E+02,0.00E+00,2.24E-01
569,1.82E+02,8.71E+02,3.05E-02,1.85E-01
570,1.92E+02,8.93E+02,3.50E-02,1.78E-01
571,2.00E+02,9.16E+02,4.03E-02,1.74E-01
572,1.49E+02,8.49E+02,3.92E-02,2.13E-01
573,1.87E+02,8.50E+02,2.26E-02,1.84E-01
574,1.61E+02,8.94E+02,4.74E-02,2.04E-01
575,1.92E+02,8.94E+02,3.51E-02,1.78E-01
576,1.72E+02,9.01E+02,4.37E-02,1.97E-01
577,2.01E+02,9.34E+02,4.49E-02,1.58E-01
578,1.92E+02,8.94E+02,3.49E-02,1.76E-01
579,1.92E+02,8.94E+02,3.49E-02,1.76E-01
580,1.62E+02,7.51E+02,0.00E+00,2.17E-01
581,1.74E+02,7.89E+02,5.38E-03,2.06E-01
582,1.49E+02,7.92E+02,1.80E-02,2.28E-01
583,2.01E+02,9.30E+02,4.35E-02,1.80E-01
584,1.92E+02,8.77E+02,3.00E-02,1.80E-01
585,1.81E+02,9.26E+02,4.77E-02,1.83E-01
586,1.74E+02,7.89E+02,5.67E-03,2.01E-01
587,1.87E+02,8.50E+02,2.26E-02,1.84E-01
588,1.74E+02,7.89E+02,5.62E-03,2.06E-01
589,2.01E+02,9.34E+02,4.49E-02,1.58E-01
590,1.62E+02,7.47E+02,0.00E+00,2.15E-01
591,2.00E+02,9.34E+02,4.55E-02,1.74E-01
592,1.62E+02,8.26E+02,2.29E-02,2.02E-01
593,2.00E+02,9.16E+02,4.01E-02,1.74E-01
594,1.62E+02,7.47E+02,0.00E+00,2.15E-01
595,1.74E+02,7.97E+02,8.36E-03,2.06E-01
596,1.86E+02,8.44E+02,2.08E-02,1.84E-01
597,2.01E+02,9.33E+02,4.50E-02,1.74E-01
598,1.69E+02,8.05E+02,1.26E-02,2.10E-01
599,1.76E+02,9.15E+02,4.69E-02,1.88E-01
600,1.92E+02,9.14E+02,4.13E-02,1.82E-01
601,1.92E+02,8.77E+02,3.00E-02,1.80E-01
602,1.82E+02,8.23E+02,1.49E-02,1.98E-01
603,2.00E+02,9.16E+02,4.01E-02,1.74E-01
604,1.84E+02,8.44E+02,2.11E-02,1.87E-01
605,1.62E+02,7.47E+02,0.00E+00,2.15E-01
606,1.62E+02,7.47E+02,0.00E+00,2.15E-01
607,1.63E+02,8.77E+02,4.02E-02,2.02E-01
608,1.99E+02,9.16E+02,4.03E-02,1.74E-01
609,1.42E+02,8.44E+02,4.32E-02,2.18E-01
610,1.76E+02,8.60E+02,2.87E-02,1.94E-01
611,1.70E+02,9.16E+02,4.96E-02,1.90E-01
612,1.62E+02,7.47E+02,0.00E+00,2.15E-01
613,1.03E+02,6.73E+02,1.77E-02,2.76E-01
614,2.00E+02,9.43E+02,4.81E-02,1.75E-01
615,1.55E+02,7.45E+02,0.00E+00,2.31E-01
616,1.63E+02,8.80E+02,4.11E-02,2.02E-01
617,1.62E+02,8.77E+02,4.09E-02,2.03E-01
618,1.62E+02,7.43E+02,0.00E+00,2.29E-01
619,1.43E+02,7.47E+02,4.85E-03,2.40E-01
620,1.32E+02,7.47E+02,1.39E-02,2.36E-01
621,1.33E+02,7.14E+02,0.00E+00,2.49E-01
622,1.87E+02,8.87E+02,3.41E-02,1.87E-01
623,1.62E+02,7.47E+02,0.00E+00,2.15E-01
624,2.01E+02,9.34E+02,4.49E-02,1.58E-01
625,1.76E+02,8.28E+02,1.81E-02,2.02E-01
626,1.38E+02,8.15E+02,3.57E-02,2.16E-01
627,2.01E+02,9.34E+02,4.49E-02,1.58E-01
628,1.30E+02,7.47E+02,1.57E-02,2.38E-01
629,1.62E+02,7.47E+02,0.00E+00,2.15E-01
630,1.62E+02,7.47E+02,0.00E+00,2.15E-01
631,1.63E+02,8.32E+02,2.48E-02,2.01E-01
632,1.74E+02,8.23E+02,1.71E-02,2.03E-01
633,1.63E+02,8.09E+02,1.67E-02,2.14E-01
634,1.92E+02,9.19E+02,4.28E-02,1.83E-01
635,1.49E+02,8.50E+02,4.00E-02,2.15E-01
636,1.92E+02,8.77E+02,3.00E-02,1.80E-01
637,1.60E+02,8.77E+02,4.17E-02,2.04E-01
638,1.55E+02,8.77E+02,4.52E-02,2.08E-01
639,1.80E+02,9.00E+02,4.05E-02,1.90E-01
640,1.82E+02,8.22E+02,1.47E-02,1.98E-01
641,1.82E+02,8.23E+02,1.47E-02,1.96E-01
642,1.62E+02,7.46E+02,0.00E+00,2.15E-01
643,1.82E+02,8.22E+02,1.45E-02,1.96E-01
644,1.87E+02,8.49E+02,2.26E-02,1.84E-01
645,1.61E+02,7.88E+02,9.47E-03,2.18E-01
646,1.59E+02,8.77E+02,4.25E-02,2.05E-01
647,2.00E+02,9.16E+02,4.02E-02,1.74E-01
648,1.81E+02,8.24E+02,1.51E-02,1.96E-01
649,1.92E+02,8.77E+02,3.00E-02,1.80E-01
650,1.92E+02,8.77E+02,3.00E-02,1.80E-01
651,1.62E+02,8.31E+02,2.47E-02,2.02E-01
652,1.91E+02,9.05E+02,3.88E-02,1.84E-01
653,1.51E+02,7.45E+02,0.00E+00,2.35E-01
654,1.85E+02,8.45E+02,2.14E-02,1.86E-01
655,1.79E+02,8.49E+02,2.43E-02,1.92E-01
656,2.01E+02,9.34E+02,4.49E-02,1.58E-01
657,2.01E+02,9.34E+02,4.49E-02,1.58E-01
658,1.92E+02,8.77E+02,3.00E-02,1.80E-01
659,1.07E+02,7.54E+02,4.80E-02,2.52E-01
660,1.83E+02,9.15E+02,4.42E-02,1.86E-01
661,1.74E+02,7.89E+02,5.41E-03,2.07E-01
662,1.05E+02,7.40E+02,4.51E-02,2.55E-01
663,2.01E+02,9.34E+02,4.49E-02,1.58E-01
664,1.82E+02,8.22E+02,1.45E-02,1.96E-01
665,1.74E+02,7.89E+02,5.65E-03,2.01E-01
666,2.01E+02,9.34E+02,4.49E-02,1.58E-01
667,1.62E+02,7.46E+02,0.00E+00,2.15E-01
668,1.82E+02,8.49E+02,2.32E-02,1.97E-01
669,2.00E+02,9.16E+02,4.01E-02,1.74E-01
670,2.01E+02,9.34E+02,4.49E-02,1.58E-01
671,1.35E+02,6.76E+02,0.00E+00,2.62E-01
672,1.79E+02,9.16E+02,4.58E-02,1.85E-01
673,1.82E+02,9.16E+02,4.48E-02,1.88E-01
674,2.00E+02,9.16E+02,4.01E-02,1.74E-01
675,1.61E+02,8.75E+02,4.11E-02,2.08E-01
676,1.62E+02,8.07E+02,1.65E-02,2.15E-01
677,1.86E+02,8.46E+02,2.14E-02,1.84E-01
678,1.57E+02,8.22E+02,2.42E-02,2.05E-01
679,1.82E+02,8.92E+02,3.72E-02,1.91E-01
680,1.82E+02,8.31E+02,1.75E-02,1.96E-01
681,1.91E+02,8.74E+02,2.92E-02,1.83E-01
682,1.51E+02,7.08E+02,0.00E+00,2.39E-01
683,1.62E+02,7.46E+02,0.00E+00,2.15E-01
684,1.82E+02,8.22E+02,1.45E-02,1.96E-01
685,1.92E+02,8.77E+02,3.00E-02,1.80E-01
686,1.62E+02,8.59E+02,3.50E-02,2.03E-01
687,1.62E+02,7.46E+02,0.00E+00,2.15E-01
688,1.62E+02,7.52E+02,0.00E+00,2.16E-01
689,1.92E+02,8.71E+02,2.82E-02,1.80E-01
690,2.01E+02,9.34E+02,4.49E-02,1.58E-01
691,2.01E+02,9.35E+02,4.51E-02,1.58E-01
692,1.62E+02,7.46E+02,0.00E+00,2.15E-01
693,1.80E+02,8.71E+02,3.13E-02,1.87E-01
694,1.91E+02,8.76E+02,3.01E-02,1.81E-01
695,1.63E+02,8.32E+02,2.46E-02,2.01E-01
696,1.69E+02,7.94E+02,8.93E-03,2.10E-01
697,1.62E+02,8.07E+02,1.63E-02,2.15E-01
698,1.92E+02,9.17E+02,4.18E-02,1.86E-01
699,1.75E+02,8.22E+02,1.65E-02,2.02E-01
700,1.92E+02,8.71E+02,2.83E-02,1.83E-01
701,1.62E+02,7.48E+02,0.00E+00,2.26E-01
702,2.01E+02,9.33E+02,4.46E-02,1.58E-01
703,1.62E+02,7.46E+02,0.00E+00,2.15E-01
704,1.82E+02,8.68E+02,2.97E-02,1.84E-01
705,1.62E+02,7.87E+02,9.17E-03,2.15E-01
706,1.62E+02,7.46E+02,0.00E+00,2.15E-01
707,1.34E+02,6.99E+02,0.00E+00,2.63E-01
708,1.60E+02,8.08E+02,1.76E-02,2.17E-01
709,1.87E+02,8.49E+02,2.26E-02,1.84E-01
710,1.62E+02,7.46E+02,0.00E+00,2.15E-01
711,1.74E+02,7.89E+02,5.57E-03,2.01E-01
712,1.81E+02,8.22E+02,1.46E-02,1.96E-01
713,1.81E+02,8.70E+02,3.05E-02,1.86E-01
714,1.62E+02,7.46E+02,0.00E+00,2.15E-01
715,1.62E+02,7.46E+02,0.00E+00,2.15E-01
716,1.92E+02,8.71E+02,2.82E-02,1.80E-01
717,1.74E+02,7.88E+02,4.98E-03,2.06E-01
718,2.00E+02,9.17E+02,4.06E-02,1.74E-01
719,2.01E+02,9.25E+02,4.21E-02,1.80E-01
720,1.74E+02,7.98E+02,8.42E-03,2.06E-01
721,1.97E+02,9.16E+02,4.05E-02,1.75E-01
722,1.86E+02,9.34E+02,4.89E-02,1.83E-01
723,1.62E+02,7.39E+02,0.00E+00,2.29E-01
724,1.92E+02,9.16E+02,4.18E-02,1.82E-01
725,1.62E+02,7.46E+02,0.00E+00,2.15E-01
726,1.74E+02,8.51E+02,2.63E-02,1.94E-01
727,1.74E+02,7.88E+02,4.98E-03,2.06E-01
728,1.74E+02,8.71E+02,3.30E-02,1.86E-01
729,9.91E+01,7.08E+02,3.97E-02,2.80E-01
730,1.62E+02,7.65E+02,6.46E-04,2.15E-01
731,1.74E+02,7.88E+02,5.19E-03,2.07E-01
732,2.00E+02,9.34E+02,4.53E-02,1.74E-01
733,1.62E+02,7.52E+02,0.00E+00,2.16E-01
734,1.87E+02,9.35E+02,4.92E-02,1.83E-01
735,8.60E+01,6.67E+02,4.41E-02,2.94E-01
736,1.62E+02,7.46E+02,0.00E+00,2.15E-01
737,1.91E+02,8.71E+02,2.83E-02,1.80E-01
738,1.31E+02,7.53E+02,1.69E-02,2.37E-01
739,1.58E+02,8.07E+02,1.82E-02,2.18E-01
740,2.01E+02,9.33E+02,4.45E-02,1.58E-01
741,2.01E+02,9.33E+02,4.45E-02,1.58E-01
742,2.01E+02,9.33E+02,4.45E-02,1.58E-01
743,2.01E+02,9.33E+02,4.50E-02,1.74E-01
744,1.92E+02,8.71E+02,2.82E-02,1.80E-01
745,1.86E+02,8.44E+02,2.08E-02,1.84E-01
746,2.01E+02,9.33E+02,4.45E-02,1.58E-01
747,1.51E+02,7.89E+02,1.59E-02,2.23E-01
748,1.74E+02,7.89E+02,5.57E-03,2.01E-01
749,1.62E+02,7.49E+02,0.00E+00,2.15E-01
750,1.66E+02,7.81E+02,5.42E-03,2.12E-01
751,1.34E+02,7.71E+02,2.15E-02,2.33E-01
752,1.49E+02,7.18E+02,0.00E+00,2.34E-01
753,1.86E+02,8.43E+02,2.05E-02,1.97E-01
754,2.00E+02,9.16E+02,4.01E-02,1.74E-01
755,1.85E+02,8.42E+02,2.04E-02,1.96E-01
756,1.70E+02,7.90E+02,7.08E-03,2.11E-01
757,2.01E+02,9.33E+02,4.45E-02,1.58E-01
758,1.62E+02,8.96E+02,4.71E-02,1.93E-01
759,1.62E+02,7.47E+02,0.00E+00,2.26E-01
760,2.01E+02,9.33E+02,4.45E-02,1.58E-01
761,2.01E+02,9.33E+02,4.45E-02,1.58E-01
762,1.62E+02,8.74E+02,3.99E-02,2.03E-01
763,1.81E+02,8.29E+02,1.69E-02,1.98E-01
764,1.61E+02,7.46E+02,0.00E+00,2.18E-01
765,2.01E+02,9.33E+02,4.45E-02,1.58E-01
766,1.57E+02,7.81E+02,8.91E-03,2.18E-01
767,2.00E+02,9.16E+02,4.01E-02,1.74E-01
768,2.00E+02,9.16E+02,4.01E-02,1.74E-01
769,2.01E+02,9.22E+02,4.13E-02,1.79E-01
770,1.32E+02,7.46E+02,1.32E-02,2.36E-01
771,1.38E+02,8.01E+02,2.97E-02,2.20E-01
772,2.01E+02,9.33E+02,4.45E-02,1.58E-01
773,1.62E+02,7.46E+02,0.00E+00,2.15E-01
774,1.62E+02,7.46E+02,0.00E+00,2.15E-01
775,1.62E+02,7.33E+02,0.00E+00,2.28E-01
776,1.82E+02,8.22E+02,1.45E-02,1.96E-01
777,2.00E+02,9.16E+02,4.01E-02,1.74E-01
778,1.62E+02,7.46E+02,0.00E+00,2.15E-01
779,1.95E+02,9.29E+02,4.49E-02,1.77E-01
780,9.87E+01,6.99E+02,3.60E-02,2.81E-01
781,1.62E+02,7.46E+02,0.00E+00,2.28E-01
782,1.75E+02,7.88E+02,4.85E-03,2.10E-01
783,1.62E+02,7.46E+02,0.00E+00,2.29E-01
784,1.75E+02,7.88E+02,4.85E-03,2.10E-01
785,2.01E+02,9.33E+02,4.45E-02,1.58E-01
786,8.33E+01,6.57E+02,4.45E-02,2.95E-01
787,1.85E+02,8.42E+02,2.06E-02,1.97E-01
788,1.52E+02,7.46E+02,0.00E+00,2.21E-01
789,1.62E+02,7.46E+02,0.00E+00,2.15E-01
790,1.62E+02,7.46E+02,0.00E+00,2.15E-01
791,2.03E+02,9.33E+02,4.44E-02,1.79E-01
792,1.74E+02,8.46E+02,2.45E-02,1.85E-01
793,1.87E+02,9.33E+02,4.83E-02,1.82E-01
794,1.61E+02,7.90E+02,1.08E-02,2.16E-01
795,1.92E+02,8.73E+02,2.88E-02,1.80E-01
796,1.85E+02,8.68E+02,2.89E-02,1.89E-01
797,1.85E+02,8.42E+02,2.04E-02,1.96E-01
798,1.61E+02,8.22E+02,2.20E-02,2.02E-01
799,1.62E+02,8.56E+02,3.37E-02,2.03E-01
800,2.01E+02,9.33E+02,4.45E-02,1.58E-01
801,1.82E+02,8.62E+02,2.77E-02,1.84E-01
802,1.62E+02,7.46E+02,0.00E+00,2.15E-01
803,1.74E+02,7.87E+02,4.90E-03,2.01E-01
804,1.85E+02,8.42E+02,2.04E-02,1.96E-01
805,1.36E+02,8.43E+02,4.89E-02,2.22E-01
806,1.63E+02,7.46E+02,0.00E+00,2.24E-01
807,1.56E+02,7.69E+02,5.12E-03,2.19E-01
808,1.87E+02,9.33E+02,4.84E-02,1.86E-01
809,2.02E+02,9.28E+02,4.31E-02,1.80E-01
810,1.74E+02,7.88E+02,4.92E-03,2.11E-01
811,2.01E+02,9.33E+02,4.45E-02,1.58E-01
812,2.01E+02,9.33E+02,4.45E-02,1.58E-01
813,2.01E+02,9.33E+02,4.45E-02,1.58E-01
814,1.74E+02,8.56E+02,2.82E-02,1.95E-01
815,1.82E+02,8.26E+02,1.59E-02,1.92E-01
816,1.62E+02,8.27E+02,2.35E-02,2.02E-01
817,1.92E+02,8.73E+02,2.88E-02,1.80E-01
818,2.00E+02,9.16E+02,4.01E-02,1.74E-01
819,2.00E+02,9.18E+02,4.08E-02,1.74E-01
820,1.99E+02,9.16E+02,4.02E-02,1.74E-01
821,1.74E+02,8.48E+02,2.54E-02,1.85E-01
822,1.62E+02,7.87E+02,9.10E-03,2.15E-01
823,1.28E+02,7.46E+02,1.70E-02,2.43E-01
824,1.74E+02,7.87E+02,4.90E-03,2.01E-01
825,1.62E+02,8.85E+02,4.38E-02,2.04E-01
826,1.75E+02,8.46E+02,2.44E-02,1.85E-01
827,1.81E+02,8.26E+02,1.57E-02,1.96E-01
828,1.62E+02,7.46E+02,0.00E+00,2.15E-01
829,1.92E+02,8.73E+02,2.88E-02,1.80E-01
830,1.62E+02,7.46E+02,0.00E+00,2.15E-01
831,1.74E+02,7.87E+02,4.90E-03,2.01E-01
832,1.92E+02,9.34E+02,4.72E-02,1.78E-01
833,1.75E+02,7.90E+02,5.81E-03,2.06E-01
834,1.92E+02,8.73E+02,2.88E-02,1.80E-01
835,1.82E+02,9.33E+02,4.99E-02,1.89E-01
836,1.69E+02,7.87E+02,6.48E-03,2.09E-01
837,1.45E+02,7.66E+02,1.08E-02,2.28E-01
838,1.65E+02,8.46E+02,2.82E-02,2.00E-01
839,1.82E+02,8.26E+02,1.59E-02,1.92E-01
840,1.63E+02,8.46E+02,2.92E-02,2.01E-01
841,1.62E+02,7.46E+02,0.00E+00,2.15E-01
842,1.47E+02,7.80E+02,1.53E-02,2.28E-01
843,2.01E+02,9.33E+02,4.46E-02,1.58E-01
844,2.00E+02,9.16E+02,3.96E-02,1.81E-01
845,1.62E+02,7.46E+02,0.00E+00,2.15E-01
846,1.99E+02,9.37E+02,4.65E-02,1.75E-01
847,1.82E+02,9.16E+02,4.46E-02,1.83E-01
848,2.00E+02,9.16E+02,4.01E-02,1.74E-01
849,1.61E+02,8.73E+02,3.99E-02,2.03E-01
850,1.92E+02,9.00E+02,3.68E-02,1.86E-01
851,1.41E+02,8.02E+02,2.74E-02,2.17E-01
852,1.62E+02,7.46E+02,0.00E+00,2.15E-01
853,1.92E+02,8.73E+02,2.87E-02,1.83E-01
854,1.75E+02,7.96E+02,7.62E-03,2.06E-01
855,1.75E+02,7.90E+02,5.65E-03,2.06E-01
856,1.82E+02,8.27E+02,1.65E-02,1.92E-01
857,1.76E+02,8.48E+02,2.47E-02,2.02E-01
858,1.92E+02,8.72E+02,2.83E-02,1.85E-01
859,1.74E+02,7.93E+02,6.69E-03,2.06E-01
860,1.82E+02,8.23E+02,1.46E-02,1.96E-01
861,1.92E+02,8.96E+02,3.57E-02,1.83E-01
862,1.63E+02,8.26E+02,2.26E-02,2.01E-01
863,1.82E+02,8.26E+02,1.59E-02,1.92E-01
864,1.61E+02,7.45E+02,0.00E+00,2.16E-01
865,1.62E+02,7.87E+02,9.37E-03,2.15E-01
866,1.62E+02,7.98E+02,1.30E-02,2.15E-01
867,1.62E+02,7.46E+02,0.00E+00,2.15E-01
868,1.74E+02,7.87E+02,4.90E-03,2.01E-01
869,1.74E+02,8.17E+02,1.51E-02,2.02E-01
870,1.92E+02,9.06E+02,3.89E-02,1.82E-01
871,2.00E+02,9.21E+02,4.16E-02,1.74E-01
872,1.92E+02,8.73E+02,2.88E-02,1.80E-01
873,1.75E+02,8.46E+02,2.45E-02,2.03E-01
874,1.91E+02,8.71E+02,2.84E-02,1.83E-01
875,1.62E+02,8.22E+02,2.15E-02,2.01E-01
876,2.00E+02,9.17E+02,4.04E-02,1.74E-01
877,1.74E+02,7.87E+02,4.92E-03,2.01E-01
878,2.01E+02,9.33E+02,4.49E-02,1.74E-01
879,1.91E+02,8.73E+02,2.89E-02,1.79E-01
880,1.27E+02,8.18E+02,4.84E-02,2.27E-01
881,2.01E+02,9.33E+02,4.45E-02,1.58E-01
882,1.82E+02,9.19E+02,4.56E-02,1.83E-01
883,1.62E+02,8.05E+02,1.58E-02,2.15E-01
884,1.91E+02,8.73E+02,2.89E-02,1.79E-01
885,1.91E+02,8.73E+02,2.89E-02,1.79E-01
886,1.62E+02,7.68E+02,1.79E-03,2.17E-01
887,1.41E+02,8.45E+02,4.48E-02,2.19E-01
888,2.02E+02,9.34E+02,4.47E-02,1.57E-01
889,1.74E+02,8.44E+02,2.41E-02,2.03E-01
890,1.62E+02,7.82E+02,7.33E-03,2.15E-01
891,1.23E+02,7.55E+02,2.68E-02,2.47E-01
892,2.02E+02,9.29E+02,4.32E-02,1.79E-01
893,1.91E+02,9.34E+02,4.73E-02,1.78E-01
894,2.00E+02,9.34E+02,4.55E-02,1.74E-01
895,2.00E+02,9.34E+02,4.53E-02,1.59E-01
896,1.74E+02,7.87E+02,4.90E-03,2.01E-01
897,1.28E+02,7.39E+02,1.43E-02,2.51E-01
898,1.62E+02,7.29E+02,0.00E+00,2.27E-01
899,1.62E+02,8.83E+02,4.32E-02,2.03E-01
900,1.57E+02,7.46E+02,0.00E+00,2.31E-01
901,1.91E+02,9.19E+02,4.27E-02,1.78E-01
902,1.48E+02,7.87E+02,1.67E-02,2.25E-01
903,1.31E+02,7.46E+02,1.38E-02,2.39E-01
904,1.91E+02,8.73E+02,2.89E-02,1.79E-01
905,1.62E+02,7.46E+02,0.00E+00,2.15E-01
906,1.75E+02,8.46E+02,2.44E-02,1.85E-01
907,2.00E+02,9.16E+02,4.01E-02,1.74E-01
